{
  "model_version": "1.0.0",
  "threshold": 0.5392754292822535,
  "accuracy": 0.9230769230769231,
  "precision": 1.0,
  "recall": 0.875,
  "f1_score": 0.9333333333333333,
  "roc_auc": 0.925,
  "training_date": "2026-06-24"
}